"친정김치 배추김치 5kg 10kg, 1개","19,900"
"비비고 썰은배추김치, 1.8kg, 1개","14,110"
"종가집 포기김치, 4kg, 1개","24,850"
"곰곰 국내산 포기 김치, 4kg, 1개","19,480"
"푸드파이터 맛있고 간편한 푸파 생 썰은김치 10kg, 1box","10,900"
"청원김치 청원 포기김치 국산 HACCP 인증 시원하고 깊은맛, 10kg, 1개","37,000"
"곰곰 배추 김치, 10kg, 1개","14,490"
"곰곰 국내산 열무 김치, 1kg, 1개","7,990"
"국내산 재료 100% 천하일미 송가네 여수 돌산 갓김치 4kg+갓물김치 1kg, 01_갓김치(4kg)+갓물김치(1kg)","39,800"
"곰곰 국내산 썰은 배추 김치, 1.8kg, 1개","10,110"
"곰곰 썰은 배추김치, 10kg, 1개","14,290"
"종가집 썰어담은 맛김치, 1.7kg, 1봉","17,060"
"종가집 맛김치, 1kg, 1개","8,900"
"곰곰 열무를 넣은 총각 김치, 1.3kg, 1개","10,400"
"종가집 전라도 포기김치, 3.3kg, 1개","20,640"
"곰곰 국내산 썰은 배추 김치, 1kg, 1개","8,400"
"풀무원 톡톡 포기김치, 4kg, 1개","27,900"
"비비고 김장김치처럼 시원한 포기김치, 3kg, 1개","21,900"
"곰곰 백김치, 1kg, 1개","7,520"
"비비고 총각김치, 1.5kg, 1개","11,310"
"조은해남 전라도 배추김치 5kg 10kg HACCP인증 일반상품, 1박스","17,000"
"비비고 묵은지, 900g, 1개","8,720"
"곰곰 국내산 열무 김치, 1.5kg, 1개","11,810"
"풀무원 톡톡 전라도식 썰은김치, 900g, 1개","9,220"
"양반 자연을 담그다 썰은김치, 80g, 10개","9,000"
"모산 장군차포기김치, 2.5kg, 1개","12,000"
"곰곰 국내산 총각 김치, 1.5kg, 1개","8,850"
"진경 배추김치, 10kg, 1봉","38,010"
"장군차김치 진경 맛김치, 4.5kg, 1개","18,900"
"곰곰 국내산 총각 김치, 2.5kg, 1개","16,060"
"친정김치 배추김치 5kg 10kg, 1개","19,900"
"비비고 포기배추김치, 4.9kg, 1개","38,300"
"양반 자연을 담그다 썰은김치, 500g, 2개","9,860"
"모산 장군차포기김치, 4.5kg, 1개","21,500"
"장군차김치 모산 장군차 포기김치, 1.5kg, 1개","9,900"
"비비고 열무를 넣어 아삭한 총각김치, 1.3kg, 1개","11,900"
